rname,qname,pos,qwidth,strand,seq,flag
flex_2a,terD,1275216,23,-,CATTTAGTTACAACATACTAATG,272
flex_2a,terA,1336028,23,-,ACTTTAGTTACAACATACTAATT,272
flex_2a,terB,1336028,23,-,ACTTTAGTTACAACATACTTATT,272
flex_2a,terC,1605616,23,-,ATATTAGTTACAACATCCTATAT,272
flex_2a,dif,1611576,28,-,ATTTAACATAATATACATTATGCGCACC,272
flex_2a,terA,1660606,23,+,AATTAGTATGTTGTAACTAAAGT,256
flex_2a,terB,1660606,23,+,AATAAGTATGTTGTAACTAAAGT,0
flex_Shi06,terD,1316076,23,-,CATTTAGTTACAACATACTAATG,272
flex_Shi06,terA,1376916,23,-,ACTTTAGTTACAACATACTAATT,272
flex_Shi06,terB,1376916,23,-,ACTTTAGTTACAACATACTTATT,272
flex_Shi06,terC,1646489,23,-,ATATTAGTTACAACATCCTATAT,272
flex_Shi06,dif,1652450,28,-,ATTTAACATAATATACATTATGCGCACC,272
flex_Shi06,terA,1701478,23,+,AATTAGTATGTTGTAACTAAAGT,256
flex_Shi06,terB,1701478,23,+,AATAAGTATGTTGTAACTAAAGT,256
flex_8401,terD,1289910,23,-,CATTTAGTTACAACATACTAATG,272
flex_8401,terA,1349960,23,-,ACTTTAGTTACAACATACTAATT,272
flex_8401,terB,1349960,23,-,ACTTTAGTTACAACATACTTATT,272
flex_8401,dif,1603269,28,-,ATTTAACATAATATACATTATGCGCACC,272
flex_8401,terC,1615191,23,+,ATATAGGATGTTGTAACTAATAT,256
flex_8401,terA,1659714,23,+,AATTAGTATGTTGTAACTAAAGT,256
flex_8401,terB,1659714,23,+,AATAAGTATGTTGTAACTAAAGT,256
flex_2002017,terD,1329034,23,-,CATTTAGTTACAACATACTAATG,272
flex_2002017,terA,1389820,23,-,ACTTTAGTTACAACATACTAATT,272
flex_2002017,terB,1389820,23,-,ACTTTAGTTACAACATACTTATT,272
flex_2002017,terC,1660886,23,-,ATATTAGTTACAACATCCTATAT,272
flex_2002017,dif,1666846,28,-,ATTTAACATAATATACATTATGCGCACC,272
flex_2002017,terA,1715875,23,+,AATTAGTATGTTGTAACTAAAGT,256
flex_2002017,terB,1715875,23,+,AATAAGTATGTTGTAACTAAAGT,256
flex_2003036,terD,1297386,23,-,CATTTAGTTACAACATACTAATG,272
flex_2003036,terA,1358227,23,-,ACTTTAGTTACAACATACTAATT,272
flex_2003036,terB,1358227,23,-,ACTTTAGTTACAACATACTTATT,272
flex_2003036,terC,1627814,23,-,ATATTAGTTACAACATCCTATAT,272
flex_2003036,dif,1633776,28,-,ATTTAACATAATATACATTATGCGCACC,272
flex_2003036,terA,1682763,23,+,AATTAGTATGTTGTAACTAAAGT,256
flex_2003036,terB,1682763,23,+,AATAAGTATGTTGTAACTAAAGT,256
boy_3038,terA,1269068,23,-,ACTTTAGTTACAACATACTAATT,272
boy_3038,terD,1269068,23,-,CATTTAGTTACAACATACTAATG,272
boy_3038,terA,1379196,23,-,ACTTTAGTTACAACATACTAATT,272
boy_3038,terB,1379196,23,-,ACTTTAGTTACAACATACTTATT,272
boy_3038,terC,1537181,23,-,ATATTAGTTACAACATCCTATAT,272
boy_3038,dif,1608795,28,-,ATTTAACATAATATACATTATGCGCACC,272
boy_3038,terA,1640321,23,+,AATTAGTATGTTGTAACTAAAGT,256
boy_3038,terB,1640321,23,+,AATAAGTATGTTGTAACTAAAGT,256
boy_600080,terD,1838235,23,-,CATTTAGTTACAACATACTAATG,272
boy_600080,terA,1899747,23,-,ACTTTAGTTACAACATACTAATT,272
boy_600080,terB,1899747,23,-,ACTTTAGTTACAACATACTTATT,272
boy_600080,terC,2165945,23,-,ATATTAGTTACAACATCCTATAT,16
boy_600080,dif,2178891,28,+,GGTGCGCATAATGTATATTATGTTAAAT,256
boy_600080,terA,2219569,23,+,AATTAGTATGTTGTAACTAAAGT,256
boy_600080,terB,2219569,23,+,AATAAGTATGTTGTAACTAAAGT,256
boy_600690,terA,2461168,23,-,ACTTTAGTTACAACATACTAATT,272
boy_600690,terB,2461168,23,-,ACTTTAGTTACAACATACTTATT,272
boy_600690,terC,2527276,23,-,ATATTAGTTACAACATCCTATAT,272
boy_600690,dif,2531329,28,+,GGTGCGCATAATGTATATTATGTTAAAT,256
boy_600690,terA,2802313,23,+,AATTAGTATGTTGTAACTAAAGT,0
boy_600690,terB,2802313,23,+,AATAAGTATGTTGTAACTAAAGT,256
boy_600690,terD,2802313,23,+,CATTAGTATGTTGTAACTAAATG,256
boy_227,terA,1507969,23,-,ACTTTAGTTACAACATACTAATT,272
boy_227,terB,1507969,23,-,ACTTTAGTTACAACATACTTATT,272
boy_227,dif,1539612,28,+,GGTGCGCATAATGTATATTATGTTAAAT,0
boy_227,terA,1761314,23,+,AATTAGTATGTTGTAACTAAAGT,256
boy_227,terB,1761314,23,+,AATAAGTATGTTGTAACTAAAGT,256
boy_227,terA,1823643,23,+,AATTAGTATGTTGTAACTAAAGT,256
boy_227,terD,1823643,23,+,CATTAGTATGTTGTAACTAAATG,256
sd197,terA,1181963,23,-,ACTTTAGTTACAACATACTAATT,272
sd197,terD,1181963,23,-,CATTTAGTTACAACATACTAATG,16
sd197,terA,1254329,23,-,ACTTTAGTTACAACATACTAATT,272
sd197,terB,1254329,23,-,ACTTTAGTTACAACATACTTATT,272
sd197,dif,1482368,28,+,GGTGCGCATAATGTATATTATGTTAAAT,256
sd197,terC,1487099,23,+,ATATAGGATGTTGTAACTAATAT,256
sd197,terA,1660283,23,+,AATTAGTATGTTGTAACTAAAGT,256
sd197,terB,1660283,23,+,AATAAGTATGTTGTAACTAAAGT,256
ss046,terA,1630425,23,-,ACTTTAGTTACAACATACTAATT,272
ss046,terB,1630425,23,-,ACTTTAGTTACAACATACTTATT,272
ss046,terC,1689650,23,-,ATATTAGTTACAACATCCTATAT,272
ss046,dif,1698225,28,+,GGTGCGCATAATGTATATTATGTTAAAT,256
ss046,terA,1957769,23,+,AATTAGTATGTTGTAACTAAAGT,256
ss046,terB,1957769,23,+,AATAAGTATGTTGTAACTAAAGT,256
ss046,terD,2055331,23,+,CATTAGTATGTTGTAACTAAATG,256
