,rname,qname,pos,qwidth,strand,seq,flag
1,MG1655,ileS,22391,30,+,ATGAGTGACTATAAATCAACCCTGAATTTG,256
2,MG1655,oS,218746,30,-,AGTGGAGAGCAGGTATTGGCTAGTACGCAT,272
3,MG1655,cysS,554611,30,+,ATGCTAAAAATCTTCAATACTCTGACACGC,256
4,MG1655,leuS,674754,30,-,TATCTCTTCCGGGCGGTATTGCTCTTGCAT,272
5,MG1655,glnS,706093,30,+,ATGAGTGAGGCAGAAGCCCGCCCGACTAAC,256
6,MG1655,seS,939428,30,+,ATGCTCGATCCCAATCTGCTGCGTAATGAG,256
7,MG1655,snS,988956,30,-,GAGTACGTCGGCTACAGGCACAACGCTCAT,272
8,MG1655,tyS,1717193,30,-,CAATTGTTTAATCAAGTTACTGCTTGCCAT,272
9,MG1655,heT,1797915,30,-,TTCGCGTAACCACAGTTCACTGAATTTCAT,272
10,MG1655,heS,1798913,30,-,ACTGGCAACCAGTTCTGCGAGATGTGACAT,272
11,MG1655,thS,1802541,30,-,GCTGCCATCAGGAAGAGTTATAACAGGCAT,272
12,MG1655,sS,1950493,30,-,ACGGAGCTGTCCACAATATTCTGTACGCAT,272
13,MG1655,gS,1960062,30,+,GTGAATATTCAGGCTCTTCTCTCAGAAAAA,256
14,MG1655,metG,2194300,30,+,ATGACTCAAGTCGCGAAGAAAATTCTGGTG,256
15,MG1655,gltX,2520643,30,-,GCTTGGCGCGAAGCGAGTTTTGATTTTCAT,272
16,MG1655,hisS,2640546,30,-,GCCGCGAATGGCTTGAATGTTTTTTGCCAC,272
17,MG1655,lS,2821982,30,-,CTGACGGATCTCAGCGGTGCTCTTGCTCAT,16
18,MG1655,lysS,3035145,30,-,GTCAGCGCCCTGTGCGTGTTGTTCAGACAT,272
19,MG1655,tS,3513609,30,-,TGCGCCACTAAAAACGATGGGCTTAGTCAT,272
20,MG1655,glyS,3724368,30,-,GATTTCCACCAGAAAAGTTTTCTCAGACAT,272
21,MG1655,glyQ,3725289,30,-,CTGGAAGGTCCTGGTATCAAACTTTTGCAT,272
22,MG1655,lysU,4354688,30,-,ATTGGCTCCCCGTGTTTCTTGTTCAGACAT,272
23,MG1655,vlS,4483808,30,-,GATATCTTGTGGGTTATATGTCTTTTCCAT,272
24,BW2952,ileS,22391,30,+,ATGAGTGACTATAAATCAACCCTGAATTTG,256
25,BW2952,oS,218745,30,-,AGTGGAGAGCAGGTATTGGCTAGTACGCAT,272
26,BW2952,cysS,456594,30,+,ATGCTAAAAATCTTCAATACTCTGACACGC,0
27,BW2952,leuS,576737,30,-,TATCTCTTCCGGGCGGTATTGCTCTTGCAT,272
28,BW2952,glnS,608076,30,+,ATGAGTGAGGCAGAAGCCCGCCCGACTAAC,256
29,BW2952,seS,841619,30,+,ATGCTCGATCCCAATCTGCTGCGTAATGAG,256
30,BW2952,snS,891147,30,-,GAGTACGTCGGCTACAGGCACAACGCTCAT,272
31,BW2952,tyS,1607276,30,-,CAATTGTTTAATCAAGTTACTGCTTGCCAT,272
32,BW2952,heT,1687998,30,-,TTCGCGTAACCACAGTTCACTGAATTTCAT,272
33,BW2952,heS,1688996,30,-,ACTGGCAACCAGTTCTGCGAGATGTGACAT,272
34,BW2952,thS,1692624,30,-,GCTGCCATCAGGAAGAGTTATAACAGGCAT,272
35,BW2952,sS,1840576,30,-,ACGGAGCTGTCCACAATATTCTGTACGCAT,272
36,BW2952,gS,1850145,30,+,GTGAATATTCAGGCTCTTCTCTCAGAAAAA,256
37,BW2952,metG,2084805,30,+,ATGACTCAAGTCGCGAAGAAAATTCTGGTG,256
38,BW2952,gltX,2404470,30,-,GCTTGGCGCGAAGCGAGTTTTGATTTTCAT,16
39,BW2952,hisS,2524373,30,-,GCCGCGAATGGCTTGAATGTTTTTTGCCAC,272
40,BW2952,lS,2705816,30,-,CTGACGGATCTCAGCGGTGCTCTTGCTCAT,272
41,BW2952,lysS,2920315,30,-,GTCAGCGCCCTGTGCGTGTTGTTCAGACAT,16
42,BW2952,tS,3398788,30,-,TGCGCCACTAAAAACGATGGGCTTAGTCAT,272
43,BW2952,glyS,3610717,30,-,GATTTCCACCAGAAAAGTTTTCTCAGACAT,272
44,BW2952,glyQ,3611638,30,-,CTGGAAGGTCCTGGTATCAAACTTTTGCAT,16
45,BW2952,lysU,4291446,30,-,ATTGGCTCCCCGTGTTTCTTGTTCAGACAT,272
46,BW2952,vlS,4420566,30,-,GATATCTTGTGGGTTATATGTCTTTTCCAT,272
47,REL606,ileS,26463,30,+,ATGAGTGACTATAAATCAACCCTGAATTTG,256
48,REL606,oS,221587,30,-,AGTGGAGAGCAGGTATTGGCTAGTACGCAT,272
49,REL606,cysS,526719,30,+,ATGCTAAAAATCTTCAATACTCTGACACGC,256
50,REL606,leuS,657338,30,-,TATCTCTTCCGGGCGGTATTGCTCTTGCAT,272
51,REL606,glnS,688188,30,+,ATGAGTGAGGCAGAAGCCCGCCCGACTAAC,256
52,REL606,seS,956521,30,+,ATGCTCGATCCCAATCTGCTGCGTAATGAG,256
53,REL606,snS,1006047,30,-,GAGTACGTCGGCTACAGGCACAACGCTCAT,272
54,REL606,tyS,1694387,30,-,CAATTGTTTAATCAAGTTACTGCTTGCCAT,272
55,REL606,heT,1775182,30,-,TTCGCGTAACCACAGTTCACTGAATTTCAT,16
56,REL606,heS,1776180,30,-,ACTGGCAACCAGTTCTGCGAGATGTGACAT,272
57,REL606,thS,1779808,30,-,GCTGCCATCAGGAAGAGTTATAACAGGCAT,272
58,REL606,sS,1929263,30,-,ACGGAGCTGTCCACAATATTCTGTACGCAT,272
59,REL606,gS,1938832,30,+,GTGAATATTCAGGCTCTTCTCTCAGAAAAA,256
60,REL606,metG,2145497,30,+,ATGACTCAAGTCGCGAAGAAAATTCTGGTG,256
61,REL606,gltX,2453519,30,-,GCTTGGCGCGAAGCGAGTTTTGATTTTCAT,272
62,REL606,hisS,2561365,30,-,GCCGCGAATGGCTTGAATGTTTTTTGCCAC,272
63,REL606,lS,2716841,30,-,CTGACGGATCTCAGCGGTGCTCTTGCTCAT,272
64,REL606,lysS,2920898,30,-,GTCAGCGCCCTGTGCGTGTTGTTCAGACAT,272
65,REL606,tS,3442291,30,-,TGCGCCACTAAAAACGATGGGCTTAGTCAT,272
66,REL606,glyS,3654826,30,-,GATTTCCACCAGAAAAGTTTTCTCAGACAT,272
67,REL606,glyQ,3655747,30,-,CTGGAAGGTCCTGGTATCAAACTTTTGCAT,272
68,REL606,lysU,4333408,30,-,ATTGGCTCCCCGTGTTTCTTGTTCAGACAT,272
69,REL606,vlS,4466841,30,-,GATATCTTGTGGGTTATATGTCTTTTCCAT,272
70,APECO78,lysU,344452,30,-,ATTGGCTCCCCGTGTTTCTTGTTCAGACAT,272
71,APECO78,vlS,481902,30,-,GATATCTTGTGGGTTATATGTCTTTTCCAT,272
72,APECO78,ileS,725601,30,+,ATGAGTGACTATAAATCAACCCTGAATTTG,256
73,APECO78,oS,919280,30,-,AGTGGAGAGCAGGTATTGGCTAGTACGCAT,272
74,APECO78,cysS,1259511,30,+,ATGCTAAAAATCTTCAATACTCTGACACGC,256
75,APECO78,leuS,1394476,30,-,TATCTCTTCCGGGCGGTATTGCTCTTGCAT,272
76,APECO78,glnS,1426692,30,+,ATGAGTGAGGCAGAAGCCCGCCCGACTAAC,256
77,APECO78,seS,1694707,30,+,ATGCTCGATCCCAATCTGCTGCGTAATGAG,256
78,APECO78,snS,1776021,30,-,GAGTACGTCGGCTACAGGCACAACGCTCAT,272
79,APECO78,tyS,2475166,30,-,CAATTGTTTAATCAAGTTACTGCTTGCCAT,272
80,APECO78,heT,2555858,30,-,TTCGCGTAACCACAGTTCACTGAATTTCAT,272
81,APECO78,heS,2556856,30,-,ACTGGCAACCAGTTCTGCGAGATGTGACAT,272
82,APECO78,thS,2560484,30,-,GCTGCCATCAGGAAGAGTTATAACAGGCAT,272
83,APECO78,sS,2699414,30,-,ACGGAGCTGTCCACAATATTCTGTACGCAT,272
84,APECO78,gS,2708983,30,+,GTGAATATTCAGGCTCTTCTCTCAGAAAAA,256
85,APECO78,metG,2946014,30,+,ATGACTCAAGTCGCGAAGAAAATTCTGGTG,256
86,APECO78,gltX,3273389,30,-,GCTTGGCGCGAAGCGAGTTTTGATTTTCAT,272
87,APECO78,hisS,3385677,30,-,GCCGCGAATGGCTTGAATGTTTTTTGCCAC,272
88,APECO78,lS,3552274,30,-,CTGACGGATCTCAGCGGTGCTCTTGCTCAT,272
89,APECO78,lysS,3779221,30,-,GTCAGCGCCCTGTGCGTGTTGTTCAGACAT,272
90,APECO78,tS,4275036,30,-,TGCGCCACTAAAAACGATGGGCTTAGTCAT,272
91,APECO78,glyS,4479516,30,-,GATTTCCACCAGAAAAGTTTTCTCAGACAT,272
92,APECO78,glyQ,4480437,30,-,CTGGAAGGTCCTGGTATCAAACTTTTGCAT,272
93,IAI1,ileS,24340,30,+,ATGAGTGACTATAAATCAACCCTGAATTTG,256
94,IAI1,oS,218107,30,-,AGTGGAGAGCAGGTATTGGCTAGTACGCAT,272
95,IAI1,cysS,568914,30,+,ATGCTAAAAATCTTCAATACTCTGACACGC,256
96,IAI1,leuS,677474,30,-,TATCTCTTCCGGGCGGTATTGCTCTTGCAT,16
97,IAI1,glnS,709487,30,+,ATGAGTGAGGCAGAAGCCCGCCCGACTAAC,0
98,IAI1,seS,991691,30,+,ATGCTCGATCCCAATCTGCTGCGTAATGAG,256
99,IAI1,snS,1041219,30,-,GAGTACGTCGGCTACAGGCACAACGCTCAT,272
100,IAI1,tyS,1761245,30,-,CAATTGTTTAATCAAGTTACTGCTTGCCAT,272
101,IAI1,heT,1841955,30,-,TTCGCGTAACCACAGTTCACTGAATTTCAT,272
102,IAI1,heS,1842953,30,-,ACTGGCAACCAGTTCTGCGAGATGTGACAT,272
103,IAI1,thS,1846581,30,-,GCTGCCATCAGGAAGAGTTATAACAGGCAT,272
104,IAI1,sS,2014402,30,-,ACGGAGCTGTCCACAATATTCTGTACGCAT,272
105,IAI1,gS,2023971,30,+,GTGAATATTCAGGCTCTTCTCTCAGAAAAA,256
106,IAI1,metG,2253841,30,+,ATGACTCAAGTCGCGAAGAAAATTCTGGTG,256
107,IAI1,gltX,2556201,30,-,GCTTGGCGCGAAGCGAGTTTTGATTTTCAT,272
108,IAI1,hisS,2664732,30,-,GCCGCGAATGGCTTGAATGTTTTTTGCCAC,272
109,IAI1,lS,2866590,30,-,CTGACGGATCTCAGCGGTGCTCTTGCTCAT,272
110,IAI1,lysS,3093220,30,-,GTCAGCGCCCTGTGCGTGTTGTTCAGACAT,272
111,IAI1,tS,3579541,30,-,TGCGCCACTAAAAACGATGGGCTTAGTCAT,272
112,IAI1,glyS,3793992,30,-,GATTTCCACCAGAAAAGTTTTCTCAGACAT,272
113,IAI1,glyQ,3794913,30,-,CTGGAAGGTCCTGGTATCAAACTTTTGCAT,272
114,IAI1,lysU,4438052,30,-,ATTGGCTCCCCGTGTTTCTTGTTCAGACAT,272
115,IAI1,vlS,4568114,30,-,GATATCTTGTGGGTTATATGTCTTTTCCAT,272
116,11368,ileS,24349,30,+,ATGAGTGACTATAAATCAACCCTGAATTTG,256
117,11368,oS,222518,30,-,AGTGGAGAGCAGGTATTGGCTAGTACGCAT,272
118,11368,cysS,601873,30,+,ATGCTAAAAATCTTCAATACTCTGACACGC,256
119,11368,leuS,760716,30,-,TATCTCTTCCGGGCGGTATTGCTCTTGCAT,272
120,11368,glnS,792730,30,+,ATGAGTGAGGCAGAAGCCCGCCCGACTAAC,256
121,11368,seS,1077331,30,+,ATGCTCGATCCCAATCTGCTGCGTAATGAG,256
122,11368,snS,1128140,30,-,GAGTACGTCGGCTACAGGCACAACGCTCAT,272
123,11368,tyS,2296973,30,-,CAATTGTTTAATCAAGTTACTGCTTGCCAT,272
124,11368,heT,2413333,30,-,TTCGCGTAACCACAGTTCACTGAATTTCAT,272
125,11368,heS,2414331,30,-,ACTGGCAACCAGTTCTGCGAGATGTGACAT,272
126,11368,thS,2417959,30,-,GCTGCCATCAGGAAGAGTTATAACAGGCAT,272
127,11368,sS,2627699,30,-,ACGGAGCTGTCCACAATATTCTGTACGCAT,272
128,11368,gS,2637268,30,+,GTGAATATTCAGGCTCTTCTCTCAGAAAAA,256
129,11368,metG,2946393,30,+,ATGACTCAAGTCGCGAAGAAAATTCTGGTG,256
130,11368,gltX,3377453,30,-,GCTTGGCGCGAAGCGAGTTTTGATTTTCAT,272
131,11368,hisS,3489950,30,-,GCCGCGAATGGCTTGAATGTTTTTTGCCAC,272
132,11368,lS,3700296,30,-,CTGACGGATCTCAGCGGTGCTCTTGCTCAT,272
133,11368,lysS,3939537,30,-,GTCAGCGCCCTGTGCGTGTTGTTCAGACAT,272
134,11368,tS,4431689,30,-,TGCGCCACTAAAAACGATGGGCTTAGTCAT,272
135,11368,glyQ,5081236,30,+,ATGCAAAAGTTTGATACCAGGACCTTCCAG,256
136,11368,glyS,5082157,30,+,ATGTCTGAGAAAACTTTTCTGGTGGAAATC,256
137,11368,lysU,5320985,30,-,ATTGGCTCCCCGTGTTTCTTGTTCAGACAT,272
138,11368,vlS,5516209,30,-,GATATCTTGTGGGTTATATGTCTTTTCCAT,272
139,S88,ileS,23918,30,+,ATGAGTGACTATAAATCAACCCTGAATTTG,256
140,S88,oS,223499,30,-,AGTGGAGAGCAGGTATTGGCTAGTACGCAT,272
141,S88,cysS,555013,30,+,ATGCTAAAAATCTTCAATACTCTGACACGC,256
142,S88,leuS,696638,30,-,TATCTCTTCCGGGCGGTATTGCTCTTGCAT,272
143,S88,glnS,729849,30,+,ATGAGTGAGGCAGAAGCCCGCCCGACTAAC,256
144,S88,seS,949713,30,+,ATGCTCGATCCCAATCTGCTGCGTAATGAG,256
145,S88,snS,995844,30,-,GAGTACGTCGGCTACAGGCACAACGCTCAT,272
146,S88,tyS,1685787,30,-,CAATTGTTTAATCAAGTTACTGCTTGCCAT,272
147,S88,heT,1761934,30,-,TTCGCGTAACCACAGTTCACTGAATTTCAT,272
148,S88,heS,1762932,30,-,ACTGGCAACCAGTTCTGCGAGATGTGACAT,272
149,S88,thS,1766560,30,-,GCTGCCATCAGGAAGAGTTATAACAGGCAT,272
150,S88,sS,1905560,30,-,ACGGAGCTGTCCACAATATTCTGTACGCAT,272
151,S88,gS,1915129,30,+,GTGAATATTCAGGCTCTTCTCTCAGAAAAA,256
152,S88,metG,2230883,30,+,ATGACTCAAGTCGCGAAGAAAATTCTGGTG,256
153,S88,gltX,2576195,30,-,GCTTGGCGCGAAGCGAGTTTTGATTTTCAT,272
154,S88,hisS,2683717,30,-,GCCGCGAATGGCTTGAATGTTTTTTGCCAC,272
155,S88,lS,2912852,30,-,CTGACGGATCTCAGCGGTGCTCTTGCTCAT,272
156,S88,lysS,3145690,30,-,GTCAGCGCCCTGTGCGTGTTGTTCAGACAT,272
157,S88,tS,3713813,30,-,TGCGCCACTAAAAACGATGGGCTTAGTCAT,272
158,S88,glyS,3937754,30,-,GATTTCCACCAGAAAAGTTTTCTCAGACAT,272
159,S88,glyQ,3938675,30,-,CTGGAAGGTCCTGGTATCAAACTTTTGCAT,272
160,S88,lysU,4613627,30,-,ATTGGCTCCCCGTGTTTCTTGTTCAGACAT,272
161,S88,vlS,4813027,30,-,GATATCTTGTGGGTTATATGTCTTTTCCAT,272
162,UTI89,ileS,23918,30,+,ATGAGTGACTATAAATCAACCCTGAATTTG,256
163,UTI89,oS,223500,30,-,AGTGGAGAGCAGGTATTGGCTAGTACGCAT,272
164,UTI89,cysS,565629,30,+,ATGCTAAAAATCTTCAATACTCTGACACGC,256
165,UTI89,leuS,656605,30,-,TATCTCTTCCGGGCGGTATTGCTCTTGCAT,272
166,UTI89,glnS,689817,30,+,ATGAGTGAGGCAGAAGCCCGCCCGACTAAC,256
167,UTI89,seS,909863,30,+,ATGCTCGATCCCAATCTGCTGCGTAATGAG,256
168,UTI89,snS,993288,30,-,GAGTACGTCGGCTACAGGCACAACGCTCAT,272
169,UTI89,tyS,1757354,30,-,CAATTGTTTAATCAAGTTACTGCTTGCCAT,272
170,UTI89,heT,1833501,30,-,TTCGCGTAACCACAGTTCACTGAATTTCAT,272
171,UTI89,heS,1834499,30,-,ACTGGCAACCAGTTCTGCGAGATGTGACAT,272
172,UTI89,thS,1838127,30,-,GCTGCCATCAGGAAGAGTTATAACAGGCAT,16
173,UTI89,sS,1977127,30,-,ACGGAGCTGTCCACAATATTCTGTACGCAT,272
174,UTI89,gS,1986696,30,+,GTGAATATTCAGGCTCTTCTCTCAGAAAAA,256
175,UTI89,metG,2335059,30,+,ATGACTCAAGTCGCGAAGAAAATTCTGGTG,256
176,UTI89,gltX,2680563,30,-,GCTTGGCGCGAAGCGAGTTTTGATTTTCAT,272
177,UTI89,hisS,2788058,30,-,GCCGCGAATGGCTTGAATGTTTTTTGCCAC,272
178,UTI89,lS,2980374,30,-,CTGACGGATCTCAGCGGTGCTCTTGCTCAT,272
179,UTI89,lysS,3213811,30,-,GTCAGCGCCCTGTGCGTGTTGTTCAGACAT,272
180,UTI89,tS,3766277,30,-,TGCGCCACTAAAAACGATGGGCTTAGTCAT,16
181,UTI89,glyS,3990220,30,-,GATTTCCACCAGAAAAGTTTTCTCAGACAT,272
182,UTI89,glyQ,3991141,30,-,CTGGAAGGTCCTGGTATCAAACTTTTGCAT,272
183,UTI89,lysU,4626799,30,-,ATTGGCTCCCCGTGTTTCTTGTTCAGACAT,272
184,UTI89,vlS,4765414,30,-,GATATCTTGTGGGTTATATGTCTTTTCCAT,272
185,E2348/69,ileS,25320,30,+,ATGAGTGACTATAAATCAACCCTGAATTTG,256
186,E2348/69,oS,228702,30,-,AGTGGAGAGCAGGTATTGGCTAGTACGCAT,272
187,E2348/69,cysS,512513,30,+,ATGCTAAAAATCTTCAATACTCTGACACGC,256
188,E2348/69,leuS,603541,30,-,TATCTCTTCCGGGCGGTATTGCTCTTGCAT,272
189,E2348/69,glnS,636655,30,+,ATGAGTGAGGCAGAAGCCCGCCCGACTAAC,256
190,E2348/69,seS,937941,30,+,ATGCTCGATCCCAATCTGCTGCGTAATGAG,256
191,E2348/69,snS,983971,30,-,GAGTACGTCGGCTACAGGCACAACGCTCAT,272
192,E2348/69,tyS,1793010,30,-,CAATTGTTTAATCAAGTTACTGCTTGCCAT,16
193,E2348/69,heT,1905799,30,-,TTCGCGTAACCACAGTTCACTGAATTTCAT,272
194,E2348/69,heS,1906797,30,-,ACTGGCAACCAGTTCTGCGAGATGTGACAT,272
195,E2348/69,thS,1910425,30,-,GCTGCCATCAGGAAGAGTTATAACAGGCAT,272
196,E2348/69,sS,2049340,30,-,ACGGAGCTGTCCACAATATTCTGTACGCAT,272
197,E2348/69,gS,2058909,30,+,GTGAATATTCAGGCTCTTCTCTCAGAAAAA,256
198,E2348/69,metG,2324724,30,+,ATGACTCAAGTCGCGAAGAAAATTCTGGTG,256
199,E2348/69,gltX,2675700,30,-,GCTTGGCGCGAAGCGAGTTTTGATTTTCAT,272
200,E2348/69,hisS,2875975,30,-,GCCGCGAATGGCTTGAATGTTTTTTGCCAC,272
201,E2348/69,lS,3053907,30,-,CTGACGGATCTCAGCGGTGCTCTTGCTCAT,272
202,E2348/69,lysS,3263792,30,-,GTCAGCGCCCTGTGCGTGTTGTTCAGACAT,272
203,E2348/69,tS,3762313,30,-,TGCGCCACTAAAAACGATGGGCTTAGTCAT,272
204,E2348/69,glyS,3976846,30,-,GATTTCCACCAGAAAAGTTTTCTCAGACAT,272
205,E2348/69,glyQ,3977767,30,-,CTGGAAGGTCCTGGTATCAAACTTTTGCAT,272
206,E2348/69,lysU,4702828,30,-,ATTGGCTCCCCGTGTTTCTTGTTCAGACAT,272
207,E2348/69,vlS,4839697,30,-,GATATCTTGTGGGTTATATGTCTTTTCCAT,272
208,IAI39,ileS,30602,30,+,ATGAGTGACTATAAATCAACCCTGAATTTG,256
209,IAI39,oS,487490,30,+,ATGCGTACTAGCCAATACCTGCTCTCCACT,256
210,IAI39,cysS,522384,30,+,ATGCTAAAAATCTTCAATACTCTGACACGC,256
211,IAI39,leuS,652817,30,-,TATCTCTTCCGGGCGGTATTGCTCTTGCAT,272
212,IAI39,glnS,675377,30,+,ATGAGTGAGGCAGAAGCCCGCCCGACTAAC,256
213,IAI39,metG,961975,30,-,CACCAGAATTTTCTTCGCGACTTGAGTCAT,16
214,IAI39,gS,1243911,30,-,TTTTTCTGAGAGAAGAGCCTGAATATTCAC,272
215,IAI39,sS,1253349,30,+,ATGCGTACAGAATATTGTGGACAGCTCCGT,256
216,IAI39,thS,1400734,30,+,ATGCCTGTTATAACTCTTCCTGATGGCAGC,256
217,IAI39,heS,1404218,30,+,ATGTCACATCTCGCAGAACTGGTTGCCAGT,256
218,IAI39,heT,1405216,30,+,ATGAAATTCAGTGAACTGTGGTTACGCGAA,256
219,IAI39,tyS,1490022,30,+,ATGGCAAGCAGTAACTTGATTAAACAATTG,256
220,IAI39,snS,2265388,30,+,ATGAGCGTTGTGCCTGTAGCCGACGTACTC,256
221,IAI39,seS,2316167,30,-,CTCATTACGCAGCAGATTGGGATCGAGCAT,16
222,IAI39,gltX,2644198,30,-,GCTTGGCGCGAAGCGAGTTTTGATTTTCAT,272
223,IAI39,hisS,2814393,30,-,GCCGCGAATGGCTTGAATGTTTTTTGCCAC,272
224,IAI39,lS,2992432,30,-,CTGACGGATCTCAGCGGTGCTCTTGCTCAT,272
225,IAI39,lysS,3462249,30,-,GTCAGCGCCCTGTGCGTGTTGTTCAGACAT,272
226,IAI39,tS,4007539,30,-,TGCGCCACTAAAAACGATGGGCTTAGTCAT,272
227,IAI39,glyS,4238264,30,-,GATTTCCACCAGAAAAGTTTTCTCAGACAT,16
228,IAI39,glyQ,4239185,30,-,CTGGAAGGTCCTGGTATCAAACTTTTGCAT,272
229,IAI39,lysU,4762425,30,-,ATTGGCTCCCCGTGTTTCTTGTTCAGACAT,272
230,IAI39,vlS,4937797,30,-,GATATCTTGTGGGTTATATGTCTTTTCCAT,272
231,SMS-3-5,ileS,27575,30,+,ATGAGTGACTATAAATCAACCCTGAATTTG,256
232,SMS-3-5,oS,227883,30,-,AGTGGAGAGCAGGTATTGGCTAGTACGCAT,272
233,SMS-3-5,cysS,578516,30,+,ATGCTAAAAATCTTCAATACTCTGACACGC,256
234,SMS-3-5,leuS,675358,30,-,TATCTCTTCCGGGCGGTATTGCTCTTGCAT,272
235,SMS-3-5,glnS,705473,30,+,ATGAGTGAGGCAGAAGCCCGCCCGACTAAC,256
236,SMS-3-5,metG,946688,30,-,CACCAGAATTTTCTTCGCGACTTGAGTCAT,272
237,SMS-3-5,gS,1300269,30,-,TTTTTCTGAGAGAAGAGCCTGAATATTCAC,272
238,SMS-3-5,sS,1309708,30,+,ATGCGTACAGAATATTGTGGACAGCTCCGT,256
239,SMS-3-5,thS,1456318,30,+,ATGCCTGTTATAACTCTTCCTGATGGCAGC,256
240,SMS-3-5,heS,1459802,30,+,ATGTCACATCTCGCAGAACTGGTTGCCAGT,256
241,SMS-3-5,heT,1460800,30,+,ATGAAATTCAGTGAACTGTGGTTACGCGAA,256
242,SMS-3-5,tyS,1545634,30,+,ATGGCAAGCAGTAACTTGATTAAACAATTG,256
243,SMS-3-5,snS,2198460,30,+,ATGAGCGTTGTGCCTGTAGCCGACGTACTC,0
244,SMS-3-5,seS,2247768,30,-,CTCATTACGCAGCAGATTGGGATCGAGCAT,272
245,SMS-3-5,gltX,2611774,30,-,GCTTGGCGCGAAGCGAGTTTTGATTTTCAT,272
246,SMS-3-5,hisS,2736507,30,-,GCCGCGAATGGCTTGAATGTTTTTTGCCAC,272
247,SMS-3-5,lS,2897206,30,-,CTGACGGATCTCAGCGGTGCTCTTGCTCAT,272
248,SMS-3-5,lysS,3113945,30,-,GTCAGCGCCCTGTGCGTGTTGTTCAGACAT,272
249,SMS-3-5,tS,3720398,30,-,TGCGCCACTAAAAACGATGGGCTTAGTCAT,272
250,SMS-3-5,glyS,3950517,30,-,GATTTCCACCAGAAAAGTTTTCTCAGACAT,272
251,SMS-3-5,glyQ,3951438,30,-,CTGGAAGGTCCTGGTATCAAACTTTTGCAT,272
252,SMS-3-5,lysU,4699654,30,-,ATTGGCTCCCCGTGTTTCTTGTTCAGACAT,272
253,SMS-3-5,vlS,4838783,30,-,GATATCTTGTGGGTTATATGTCTTTTCCAT,16
254,UMN026,ileS,26749,30,+,ATGAGTGACTATAAATCAACCCTGAATTTG,256
255,UMN026,oS,221597,30,-,AGTGGAGAGCAGGTATTGGCTAGTACGCAT,272
256,UMN026,cysS,634732,30,+,ATGCTAAAAATCTTCAATACTCTGACACGC,256
257,UMN026,leuS,788258,30,-,TATCTCTTCCGGGCGGTATTGCTCTTGCAT,272
258,UMN026,glnS,818832,30,+,ATGAGTGAGGCAGAAGCCCGCCCGACTAAC,256
259,UMN026,seS,1128669,30,+,ATGCTCGATCCCAATCTGCTGCGTAATGAG,256
260,UMN026,snS,1176557,30,-,GAGTACGTCGGCTACAGGCACAACGCTCAT,272
261,UMN026,tyS,1951972,30,-,CAATTGTTTAATCAAGTTACTGCTTGCCAT,272
262,UMN026,heT,2032696,30,-,TTCGCGTAACCACAGTTCACTGAATTTCAT,272
263,UMN026,heS,2033694,30,-,ACTGGCAACCAGTTCTGCGAGATGTGACAT,272
264,UMN026,thS,2037177,30,-,GCTGCCATCAGGAAGAGTTATAACAGGCAT,272
265,UMN026,sS,2185566,30,-,ACGGAGCTGTCCACAATATTCTGTACGCAT,272
266,UMN026,gS,2195003,30,+,GTGAATATTCAGGCTCTTCTCTCAGAAAAA,256
267,UMN026,metG,2492204,30,+,ATGACTCAAGTCGCGAAGAAAATTCTGGTG,256
268,UMN026,gltX,2811876,30,-,GCTTGGCGCGAAGCGAGTTTTGATTTTCAT,272
269,UMN026,hisS,2932221,30,-,GCCGCGAATGGCTTGAATGTTTTTTGCCAC,272
270,UMN026,lS,3127683,30,-,CTGACGGATCTCAGCGGTGCTCTTGCTCAT,272
271,UMN026,lysS,3357703,30,-,GTCAGCGCCCTGTGCGTGTTGTTCAGACAT,272
272,UMN026,tS,3939424,30,-,TGCGCCACTAAAAACGATGGGCTTAGTCAT,272
273,UMN026,glyS,4185904,30,-,GATTTCCACCAGAAAAGTTTTCTCAGACAT,272
274,UMN026,glyQ,4186825,30,-,CTGGAAGGTCCTGGTATCAAACTTTTGCAT,272
275,UMN026,lysU,4840257,30,-,ATTGGCTCCCCGTGTTTCTTGTTCAGACAT,272
276,UMN026,vlS,4971224,30,-,GATATCTTGTGGGTTATATGTCTTTTCCAT,272
277,CE10,ileS,30609,30,+,ATGAGTGACTATAAATCAACCCTGAATTTG,256
278,CE10,oS,228663,30,-,AGTGGAGAGCAGGTATTGGCTAGTACGCAT,272
279,CE10,cysS,557903,30,+,ATGCTAAAAATCTTCAATACTCTGACACGC,256
280,CE10,leuS,693581,30,-,TATCTCTTCCGGGCGGTATTGCTCTTGCAT,272
281,CE10,glnS,716142,30,+,ATGAGTGAGGCAGAAGCCCGCCCGACTAAC,256
282,CE10,seS,979769,30,+,ATGCTCGATCCCAATCTGCTGCGTAATGAG,256
283,CE10,snS,1030547,30,-,GAGTACGTCGGCTACAGGCACAACGCTCAT,272
284,CE10,tyS,1933637,30,-,CAATTGTTTAATCAAGTTACTGCTTGCCAT,272
285,CE10,heT,2018474,30,-,TTCGCGTAACCACAGTTCACTGAATTTCAT,272
286,CE10,heS,2019472,30,-,ACTGGCAACCAGTTCTGCGAGATGTGACAT,272
287,CE10,thS,2022956,30,-,GCTGCCATCAGGAAGAGTTATAACAGGCAT,272
288,CE10,sS,2169293,30,-,ACGGAGCTGTCCACAATATTCTGTACGCAT,272
289,CE10,gS,2178731,30,+,GTGAATATTCAGGCTCTTCTCTCAGAAAAA,256
290,CE10,metG,2457298,30,+,ATGACTCAAGTCGCGAAGAAAATTCTGGTG,256
291,CE10,gltX,2836089,30,-,GCTTGGCGCGAAGCGAGTTTTGATTTTCAT,272
292,CE10,hisS,3001648,30,-,GCCGCGAATGGCTTGAATGTTTTTTGCCAC,16
293,CE10,lS,3176851,30,-,CTGACGGATCTCAGCGGTGCTCTTGCTCAT,272
294,CE10,lysS,3403970,30,-,GTCAGCGCCCTGTGCGTGTTGTTCAGACAT,272
295,CE10,tS,3953957,30,-,TGCGCCACTAAAAACGATGGGCTTAGTCAT,272
296,CE10,glyS,4183714,30,-,GATTTCCACCAGAAAAGTTTTCTCAGACAT,272
297,CE10,glyQ,4184635,30,-,CTGGAAGGTCCTGGTATCAAACTTTTGCAT,272
298,CE10,lysU,4953964,30,-,ATTGGCTCCCCGTGTTTCTTGTTCAGACAT,272
299,CE10,vlS,5114174,30,-,GATATCTTGTGGGTTATATGTCTTTTCCAT,272
300,42,ileS,64744,30,+,ATGAGTGACTATAAATCAACCCTGAATTTG,256
301,42,oS,259748,30,-,AGTGGAGAGCAGGTATTGGCTAGTACGCAT,272
302,42,cysS,561839,30,+,ATGCTAAAAATCTTCAATACTCTGACACGC,256
303,42,leuS,665362,30,-,TATCTCTTCCGGGCGGTATTGCTCTTGCAT,272
304,42,glnS,697579,30,+,ATGAGTGAGGCAGAAGCCCGCCCGACTAAC,256
305,42,seS,965647,30,+,ATGCTCGATCCCAATCTGCTGCGTAATGAG,256
306,42,snS,1015174,30,-,GAGTACGTCGGCTACAGGCACAACGCTCAT,272
307,42,tyS,1718185,30,-,CAATTGTTTAATCAAGTTACTGCTTGCCAT,272
308,42,heT,1799670,30,-,TTCGCGTAACCACAGTTCACTGAATTTCAT,272
309,42,heS,1800668,30,-,ACTGGCAACCAGTTCTGCGAGATGTGACAT,272
310,42,thS,1804296,30,-,GCTGCCATCAGGAAGAGTTATAACAGGCAT,272
311,42,sS,1943427,30,-,ACGGAGCTGTCCACAATATTCTGTACGCAT,272
312,42,gS,1952996,30,+,GTGAATATTCAGGCTCTTCTCTCAGAAAAA,256
313,42,metG,2186751,30,+,ATGACTCAAGTCGCGAAGAAAATTCTGGTG,256
314,42,gltX,2503232,30,-,GCTTGGCGCGAAGCGAGTTTTGATTTTCAT,272
315,42,hisS,2615364,30,-,GCCGCGAATGGCTTGAATGTTTTTTGCCAC,272
316,42,lS,2810446,30,-,CTGACGGATCTCAGCGGTGCTCTTGCTCAT,272
317,42,lysS,3034115,30,-,GTCAGCGCCCTGTGCGTGTTGTTCAGACAT,272
318,42,tS,3517974,30,-,TGCGCCACTAAAAACGATGGGCTTAGTCAT,272
319,42,glyS,3757463,30,-,GATTTCCACCAGAAAAGTTTTCTCAGACAT,272
320,42,glyQ,3758384,30,-,CTGGAAGGTCCTGGTATCAAACTTTTGCAT,272
321,42,lysU,4432177,30,-,ATTGGCTCCCCGTGTTTCTTGTTCAGACAT,272
322,42,vlS,4567531,30,-,GATATCTTGTGGGTTATATGTCTTTTCCAT,272
323,TW14359,ileS,26803,30,+,ATGAGTGACTATAAATCAACCCTGAATTTG,256
324,TW14359,oS,222058,30,-,AGTGGAGAGCAGGTATTGGCTAGTACGCAT,272
325,TW14359,cysS,651923,30,+,ATGCTAAAAATCTTCAATACTCTGACACGC,256
326,TW14359,leuS,760980,30,-,TATCTCTTCCGGGCGGTATTGCTCTTGCAT,272
327,TW14359,glnS,790984,30,+,ATGAGTGAGGCAGAAGCCCGCCCGACTAAC,256
328,TW14359,seS,1075489,30,+,ATGCTCGATCCCAATCTGCTGCGTAATGAG,256
329,TW14359,snS,1123376,30,-,GAGTACGTCGGCTACAGGCACAACGCTCAT,272
330,TW14359,tyS,2222196,30,-,CAATTGTTTAATCAAGTTACTGCTTGCCAT,272
331,TW14359,heT,2302904,30,-,TTCGCGTAACCACAGTTCACTGAATTTCAT,272
332,TW14359,heS,2303902,30,-,ACTGGCAACCAGTTCTGCGAGATGTGACAT,272
333,TW14359,thS,2307529,30,-,GCTGCCATCAGGAAGAGTTATAACAGGCAT,272
334,TW14359,sS,2457698,30,-,ACGGAGCTGTCCACAATATTCTGTACGCAT,272
335,TW14359,gS,2467267,30,+,GTGAATATTCAGGCTCTTCTCTCAGAAAAA,256
336,TW14359,metG,2865822,30,+,ATGACTCAAGTCGCGAAGAAAATTCTGGTG,256
337,TW14359,gltX,3308160,30,-,GCTTGGCGCGAAGCGAGTTTTGATTTTCAT,272
338,TW14359,hisS,3415675,30,-,GCCGCGAATGGCTTGAATGTTTTTTGCCAC,272
339,TW14359,lS,3604871,30,-,CTGACGGATCTCAGCGGTGCTCTTGCTCAT,272
340,TW14359,lysS,3832417,30,-,GTCAGCGCCCTGTGCGTGTTGTTCAGACAT,272
341,TW14359,tS,4284926,30,-,TGCGCCACTAAAAACGATGGGCTTAGTCAT,272
342,TW14359,glyS,4529684,30,-,GATTTCCACCAGAAAAGTTTTCTCAGACAT,272
343,TW14359,glyQ,4530605,30,-,CTGGAAGGTCCTGGTATCAAACTTTTGCAT,272
344,TW14359,lysU,5240399,30,-,ATTGGCTCCCCGTGTTTCTTGTTCAGACAT,272
345,TW14359,vlS,5370413,30,-,GATATCTTGTGGGTTATATGTCTTTTCCAT,272
346,Sakai,ileS,26803,30,+,ATGAGTGACTATAAATCAACCCTGAATTTG,256
347,Sakai,oS,222078,30,-,AGTGGAGAGCAGGTATTGGCTAGTACGCAT,272
348,Sakai,cysS,647064,30,+,ATGCTAAAAATCTTCAATACTCTGACACGC,256
349,Sakai,leuS,756113,30,-,TATCTCTTCCGGGCGGTATTGCTCTTGCAT,272
350,Sakai,glnS,786117,30,+,ATGAGTGAGGCAGAAGCCCGCCCGACTAAC,256
351,Sakai,seS,1070541,30,+,ATGCTCGATCCCAATCTGCTGCGTAATGAG,256
352,Sakai,snS,1118428,30,-,GAGTACGTCGGCTACAGGCACAACGCTCAT,272
353,Sakai,tyS,2317057,30,-,CAATTGTTTAATCAAGTTACTGCTTGCCAT,272
354,Sakai,heT,2397766,30,-,TTCGCGTAACCACAGTTCACTGAATTTCAT,272
355,Sakai,heS,2398764,30,-,ACTGGCAACCAGTTCTGCGAGATGTGACAT,16
356,Sakai,thS,2402391,30,-,GCTGCCATCAGGAAGAGTTATAACAGGCAT,272
357,Sakai,sS,2552560,30,-,ACGGAGCTGTCCACAATATTCTGTACGCAT,16
358,Sakai,gS,2562129,30,+,GTGAATATTCAGGCTCTTCTCTCAGAAAAA,256
359,Sakai,metG,2870165,30,+,ATGACTCAAGTCGCGAAGAAAATTCTGGTG,256
360,Sakai,gltX,3249307,30,-,GCTTGGCGCGAAGCGAGTTTTGATTTTCAT,272
361,Sakai,hisS,3356822,30,-,GCCGCGAATGGCTTGAATGTTTTTTGCCAC,272
362,Sakai,lS,3546037,30,-,CTGACGGATCTCAGCGGTGCTCTTGCTCAT,272
363,Sakai,lysS,3773421,30,-,GTCAGCGCCCTGTGCGTGTTGTTCAGACAT,272
364,Sakai,tS,4225933,30,-,TGCGCCACTAAAAACGATGGGCTTAGTCAT,272
365,Sakai,glyS,4470663,30,-,GATTTCCACCAGAAAAGTTTTCTCAGACAT,272
366,Sakai,glyQ,4471584,30,-,CTGGAAGGTCCTGGTATCAAACTTTTGCAT,272
367,Sakai,lysU,5209265,30,-,ATTGGCTCCCCGTGTTTCTTGTTCAGACAT,16
368,Sakai,vlS,5339332,30,-,GATATCTTGTGGGTTATATGTCTTTTCCAT,272
369,EDL933,ileS,26803,30,+,ATGAGTGACTATAAATCAACCCTGAATTTG,0
370,EDL933,oS,222078,30,-,AGTGGAGAGCAGGTATTGGCTAGTACGCAT,16
371,EDL933,cysS,646757,30,+,ATGCTAAAAATCTTCAATACTCTGACACGC,256
372,EDL933,leuS,755893,30,-,TATCTCTTCCGGGCGGTATTGCTCTTGCAT,272
373,EDL933,glnS,785897,30,+,ATGAGTGAGGCAGAAGCCCGCCCGACTAAC,256
374,EDL933,seS,1159763,30,+,ATGCTCGATCCCAATCTGCTGCGTAATGAG,256
375,EDL933,snS,1207650,30,-,GAGTACGTCGGCTACAGGCACAACGCTCAT,272
376,EDL933,tyS,2392112,30,-,CAATTGTTTAATCAAGTTACTGCTTGCCAT,272
377,EDL933,heT,2472831,30,-,TTCGCGTAACCACAGTTCACTGAATTTCAT,272
378,EDL933,heS,2473829,30,-,ACTGGCAACCAGTTCTGCGAGATGTGACAT,272
379,EDL933,thS,2477456,30,-,GCTGCCATCAGGAAGAGTTATAACAGGCAT,272
380,EDL933,sS,2627631,30,-,ACGGAGCTGTCCACAATATTCTGTACGCAT,272
381,EDL933,gS,2637203,30,+,GTGAATATTCAGGCTCTTCTCTCAGAAAAA,0
382,EDL933,metG,2940261,30,+,ATGACTCAAGTCGCGAAGAAAATTCTGGTG,256
383,EDL933,gltX,3319018,30,-,GCTTGGCGCGAAGCGAGTTTTGATTTTCAT,272
384,EDL933,hisS,3426523,30,-,GCCGCGAATGGCTTGAATGTTTTTTGCCAC,272
385,EDL933,lS,3613202,30,-,CTGACGGATCTCAGCGGTGCTCTTGCTCAT,272
386,EDL933,lysS,3840602,30,-,GTCAGCGCCCTGTGCGTGTTGTTCAGACAT,272
387,EDL933,tS,4293027,30,-,TGCGCCACTAAAAACGATGGGCTTAGTCAT,272
388,EDL933,glyS,4537767,30,-,GATTTCCACCAGAAAAGTTTTCTCAGACAT,272
389,EDL933,glyQ,4538688,30,-,CTGGAAGGTCCTGGTATCAAACTTTTGCAT,272
390,EDL933,lysU,5239123,30,-,ATTGGCTCCCCGTGTTTCTTGTTCAGACAT,272
391,EDL933,vlS,5369208,30,-,GATATCTTGTGGGTTATATGTCTTTTCCAT,272
