"","rname","qname","pos","qwidth","strand","seq","flag"
"1","MG1655","MatS",1156299,13,"+","GTGACAATGTCAC",256
"2","MG1655","MatS",1156299,13,"-","GTGACATTGTCAC",272
"3","MG1655","MatS",1261993,13,"-","GTGACATTGTCAC",272
"4","MG1655","MatS",1322741,13,"+","GTGACAATGTCAC",256
"5","MG1655","MatS",1322741,13,"-","GTGACATTGTCAC",272
"6","MG1655","MatS",1451531,13,"+","GTGACAATGTCAC",256
"7","MG1655","MatS",1505515,13,"+","GTGACAATGTCAC",256
"8","MG1655","MatS",1514954,13,"+","GTGACAATGTCAC",256
"9","MG1655","MatS",1514954,13,"-","GTGACATTGTCAC",272
"10","MG1655","MatS",1536807,13,"+","GTGACAATGTCAC",256
"11","MG1655","MatS",1536807,13,"-","GTGACATTGTCAC",272
"12","MG1655","MatS",1563282,13,"+","GTGACAATGTCAC",256
"13","MG1655","MatS",1563282,13,"-","GTGACATTGTCAC",272
"14","MG1655","MatS",1600472,13,"+","GTGACAATGTCAC",256
"15","MG1655","MatS",1619966,13,"+","GTGACAATGTCAC",256
"16","MG1655","MatS",1630324,13,"+","GTGACAATGTCAC",256
"17","MG1655","MatS",1704002,13,"+","GTGACAATGTCAC",256
"18","MG1655","MatS",1704002,13,"-","GTGACATTGTCAC",272
"19","MG1655","MatS",1745151,13,"+","GTGACAATGTCAC",256
"20","MG1655","MatS",1745151,13,"-","GTGACATTGTCAC",272
"21","MG1655","MatS",1765213,13,"+","GTGACAATGTCAC",256
"22","MG1655","MatS",1838826,13,"+","GTGACAATGTCAC",256
"23","MG1655","MatS",1838826,13,"-","GTGACATTGTCAC",272
"24","MG1655","MatS",1916864,13,"-","GTGACATTGTCAC",272
"25","MG1655","MatS",2354347,13,"-","GTGACATTGTCAC",272
"26","MG1655","MatS",2524128,13,"+","GTGACAATGTCAC",256
"27","BW2952","MatS",1059447,13,"+","GTGACAATGTCAC",256
"28","BW2952","MatS",1059447,13,"-","GTGACATTGTCAC",272
"29","BW2952","MatS",1149937,13,"-","GTGACATTGTCAC",272
"30","BW2952","MatS",1211614,13,"+","GTGACAATGTCAC",256
"31","BW2952","MatS",1211614,13,"-","GTGACATTGTCAC",272
"32","BW2952","MatS",1341614,13,"+","GTGACAATGTCAC",256
"33","BW2952","MatS",1395598,13,"+","GTGACAATGTCAC",256
"34","BW2952","MatS",1405037,13,"+","GTGACAATGTCAC",256
"35","BW2952","MatS",1405037,13,"-","GTGACATTGTCAC",272
"36","BW2952","MatS",1426890,13,"+","GTGACAATGTCAC",256
"37","BW2952","MatS",1426890,13,"-","GTGACATTGTCAC",272
"38","BW2952","MatS",1453365,13,"+","GTGACAATGTCAC",256
"39","BW2952","MatS",1453365,13,"-","GTGACATTGTCAC",272
"40","BW2952","MatS",1490555,13,"+","GTGACAATGTCAC",256
"41","BW2952","MatS",1510049,13,"+","GTGACAATGTCAC",256
"42","BW2952","MatS",1520407,13,"+","GTGACAATGTCAC",256
"43","BW2952","MatS",1594085,13,"+","GTGACAATGTCAC",256
"44","BW2952","MatS",1594085,13,"-","GTGACATTGTCAC",272
"45","BW2952","MatS",1635234,13,"+","GTGACAATGTCAC",256
"46","BW2952","MatS",1635234,13,"-","GTGACATTGTCAC",272
"47","BW2952","MatS",1655296,13,"+","GTGACAATGTCAC",256
"48","BW2952","MatS",1728909,13,"+","GTGACAATGTCAC",256
"49","BW2952","MatS",1728909,13,"-","GTGACATTGTCAC",272
"50","BW2952","MatS",1806947,13,"-","GTGACATTGTCAC",272
"51","BW2952","MatS",2238174,13,"-","GTGACATTGTCAC",272
"52","BW2952","MatS",2407955,13,"+","GTGACAATGTCAC",256
"53","REL606","MatS",1170868,13,"+","GTGACAATGTCAC",256
"54","REL606","MatS",1170868,13,"-","GTGACATTGTCAC",272
"55","REL606","MatS",1262143,13,"-","GTGACATTGTCAC",272
"56","REL606","MatS",1320335,13,"+","GTGACAATGTCAC",256
"57","REL606","MatS",1320335,13,"-","GTGACATTGTCAC",272
"58","REL606","MatS",1470218,13,"+","GTGACAATGTCAC",256
"59","REL606","MatS",1470218,13,"-","GTGACATTGTCAC",272
"60","REL606","MatS",1475625,13,"+","GTGACAATGTCAC",256
"61","REL606","MatS",1485064,13,"+","GTGACAATGTCAC",256
"62","REL606","MatS",1485064,13,"-","GTGACATTGTCAC",272
"63","REL606","MatS",1510958,13,"+","GTGACAATGTCAC",256
"64","REL606","MatS",1510958,13,"-","GTGACATTGTCAC",272
"65","REL606","MatS",1587732,13,"+","GTGACAATGTCAC",256
"66","REL606","MatS",1598091,13,"+","GTGACAATGTCAC",256
"67","REL606","MatS",1681196,13,"+","GTGACAATGTCAC",256
"68","REL606","MatS",1681196,13,"-","GTGACATTGTCAC",272
"69","REL606","MatS",1722418,13,"+","GTGACAATGTCAC",256
"70","REL606","MatS",1722418,13,"-","GTGACATTGTCAC",272
"71","REL606","MatS",1742480,13,"+","GTGACAATGTCAC",256
"72","REL606","MatS",1816054,13,"+","GTGACAATGTCAC",256
"73","REL606","MatS",1816054,13,"-","GTGACATTGTCAC",272
"74","REL606","MatS",1895441,13,"-","GTGACATTGTCAC",272
"75","REL606","MatS",2301055,13,"-","GTGACATTGTCAC",272
"76","APECO78","MatS",1942360,13,"+","GTGACAATGTCAC",256
"77","APECO78","MatS",1942360,13,"-","GTGACATTGTCAC",272
"78","APECO78","MatS",2034316,13,"-","GTGACATTGTCAC",272
"79","APECO78","MatS",2091676,13,"+","GTGACAATGTCAC",256
"80","APECO78","MatS",2091676,13,"-","GTGACATTGTCAC",272
"81","APECO78","MatS",2194053,13,"+","GTGACAATGTCAC",256
"82","APECO78","MatS",2233702,13,"+","GTGACAATGTCAC",256
"83","APECO78","MatS",2233702,13,"-","GTGACATTGTCAC",272
"84","APECO78","MatS",2239108,13,"+","GTGACAATGTCAC",256
"85","APECO78","MatS",2248526,13,"+","GTGACAATGTCAC",256
"86","APECO78","MatS",2248526,13,"-","GTGACATTGTCAC",272
"87","APECO78","MatS",2274314,13,"+","GTGACAATGTCAC",256
"88","APECO78","MatS",2274314,13,"-","GTGACATTGTCAC",272
"89","APECO78","MatS",2300788,13,"+","GTGACAATGTCAC",256
"90","APECO78","MatS",2300788,13,"-","GTGACATTGTCAC",272
"91","APECO78","MatS",2342591,13,"+","GTGACAATGTCAC",256
"92","APECO78","MatS",2362581,13,"+","GTGACAATGTCAC",256
"93","APECO78","MatS",2379190,13,"+","GTGACAATGTCAC",256
"94","APECO78","MatS",2462072,13,"+","GTGACAATGTCAC",256
"95","APECO78","MatS",2462072,13,"-","GTGACATTGTCAC",272
"96","APECO78","MatS",2523154,13,"+","GTGACAATGTCAC",256
"97","APECO78","MatS",2596539,13,"+","GTGACAATGTCAC",256
"98","APECO78","MatS",2596539,13,"-","GTGACATTGTCAC",272
"99","APECO78","MatS",2665785,13,"-","GTGACATTGTCAC",272
"100","APECO78","MatS",3121937,13,"-","GTGACATTGTCAC",272
"101","APECO78","MatS",3276874,13,"+","GTGACAATGTCAC",256
"102","IAI1","MatS",1198084,13,"+","GTGACAATGTCAC",256
"103","IAI1","MatS",1198084,13,"-","GTGACATTGTCAC",272
"104","IAI1","MatS",1288770,13,"-","GTGACATTGTCAC",272
"105","IAI1","MatS",1345720,13,"+","GTGACAATGTCAC",256
"106","IAI1","MatS",1345720,13,"-","GTGACATTGTCAC",272
"107","IAI1","MatS",1449749,13,"+","GTGACAATGTCAC",256
"108","IAI1","MatS",1494805,13,"+","GTGACAATGTCAC",256
"109","IAI1","MatS",1504222,13,"+","GTGACAATGTCAC",256
"110","IAI1","MatS",1504222,13,"-","GTGACATTGTCAC",272
"111","IAI1","MatS",1537361,13,"+","GTGACAATGTCAC",256
"112","IAI1","MatS",1537361,13,"-","GTGACATTGTCAC",272
"113","IAI1","MatS",1570242,13,"+","GTGACAATGTCAC",256
"114","IAI1","MatS",1570242,13,"-","GTGACATTGTCAC",272
"115","IAI1","MatS",1610705,13,"+","GTGACAATGTCAC",256
"116","IAI1","MatS",1630696,13,"+","GTGACAATGTCAC",256
"117","IAI1","MatS",1647305,13,"+","GTGACAATGTCAC",256
"118","IAI1","MatS",1748150,13,"+","GTGACAATGTCAC",256
"119","IAI1","MatS",1748150,13,"-","GTGACATTGTCAC",272
"120","IAI1","MatS",1809252,13,"+","GTGACAATGTCAC",256
"121","IAI1","MatS",1882637,13,"+","GTGACAATGTCAC",256
"122","IAI1","MatS",1882637,13,"-","GTGACATTGTCAC",272
"123","IAI1","MatS",1962605,13,"-","GTGACATTGTCAC",272
"124","IAI1","MatS",2405350,13,"-","GTGACATTGTCAC",272
"125","11368","MatS",1445443,13,"+","GTGACAATGTCAC",256
"126","11368","MatS",1445443,13,"-","GTGACATTGTCAC",272
"127","11368","MatS",1689112,13,"-","GTGACATTGTCAC",272
"128","11368","MatS",1782890,13,"+","GTGACAATGTCAC",256
"129","11368","MatS",1782890,13,"-","GTGACATTGTCAC",272
"130","11368","MatS",1934548,13,"+","GTGACAATGTCAC",256
"131","11368","MatS",1979598,13,"+","GTGACAATGTCAC",256
"132","11368","MatS",1989036,13,"+","GTGACAATGTCAC",256
"133","11368","MatS",1989036,13,"-","GTGACATTGTCAC",272
"134","11368","MatS",2015655,13,"+","GTGACAATGTCAC",256
"135","11368","MatS",2015655,13,"-","GTGACATTGTCAC",272
"136","11368","MatS",2041485,13,"+","GTGACAATGTCAC",256
"137","11368","MatS",2041485,13,"-","GTGACATTGTCAC",272
"138","11368","MatS",2081715,13,"+","GTGACAATGTCAC",256
"139","11368","MatS",2101031,13,"+","GTGACAATGTCAC",256
"140","11368","MatS",2118416,13,"+","GTGACAATGTCAC",256
"141","11368","MatS",2283782,13,"+","GTGACAATGTCAC",256
"142","11368","MatS",2283782,13,"-","GTGACATTGTCAC",272
"143","11368","MatS",2324928,13,"+","GTGACAATGTCAC",256
"144","11368","MatS",2324928,13,"-","GTGACATTGTCAC",272
"145","11368","MatS",2344991,13,"+","GTGACAATGTCAC",256
"146","11368","MatS",2455533,13,"+","GTGACAATGTCAC",256
"147","11368","MatS",2455533,13,"-","GTGACATTGTCAC",272
"148","11368","MatS",2526534,13,"-","GTGACATTGTCAC",272
"149","11368","MatS",3158668,13,"-","GTGACATTGTCAC",272
"150","11368","MatS",3380939,13,"+","GTGACAATGTCAC",256
"151","11368","MatS",5024290,13,"+","GTGACAATGTCAC",256
"152","11368","MatS",5232562,13,"-","GTGACATTGTCAC",272
"153","S88","MatS",340791,13,"-","GTGACATTGTCAC",272
"154","S88","MatS",1142238,13,"+","GTGACAATGTCAC",256
"155","S88","MatS",1142238,13,"-","GTGACATTGTCAC",272
"156","S88","MatS",1279330,13,"-","GTGACATTGTCAC",272
"157","S88","MatS",1385697,13,"+","GTGACAATGTCAC",256
"158","S88","MatS",1385697,13,"-","GTGACATTGTCAC",272
"159","S88","MatS",1405289,13,"+","GTGACAATGTCAC",256
"160","S88","MatS",1405289,13,"-","GTGACATTGTCAC",272
"161","S88","MatS",1461869,13,"-","GTGACATTGTCAC",272
"162","S88","MatS",1515391,13,"+","GTGACAATGTCAC",256
"163","S88","MatS",1515391,13,"-","GTGACATTGTCAC",272
"164","S88","MatS",1519050,13,"+","GTGACAATGTCAC",256
"165","S88","MatS",1528044,13,"+","GTGACAATGTCAC",256
"166","S88","MatS",1528044,13,"-","GTGACATTGTCAC",272
"167","S88","MatS",1566116,13,"+","GTGACAATGTCAC",256
"168","S88","MatS",1566116,13,"-","GTGACATTGTCAC",272
"169","S88","MatS",1605113,13,"+","GTGACAATGTCAC",256
"170","S88","MatS",1620741,13,"+","GTGACAATGTCAC",256
"171","S88","MatS",1672693,13,"+","GTGACAATGTCAC",256
"172","S88","MatS",1672693,13,"-","GTGACATTGTCAC",272
"173","S88","MatS",1729406,13,"+","GTGACAATGTCAC",256
"174","S88","MatS",1800720,13,"+","GTGACAATGTCAC",256
"175","S88","MatS",1800720,13,"-","GTGACATTGTCAC",272
"176","S88","MatS",1871987,13,"-","GTGACATTGTCAC",272
"177","S88","MatS",2386130,13,"-","GTGACATTGTCAC",272
"178","S88","MatS",2735674,13,"-","GTGACATTGTCAC",272
"179","UTI89","MatS",351424,13,"-","GTGACATTGTCAC",272
"180","UTI89","MatS",1201262,13,"+","GTGACAATGTCAC",256
"181","UTI89","MatS",1201262,13,"-","GTGACATTGTCAC",272
"182","UTI89","MatS",1337310,13,"-","GTGACATTGTCAC",272
"183","UTI89","MatS",1443686,13,"+","GTGACAATGTCAC",256
"184","UTI89","MatS",1443686,13,"-","GTGACATTGTCAC",272
"185","UTI89","MatS",1463277,13,"+","GTGACAATGTCAC",256
"186","UTI89","MatS",1463277,13,"-","GTGACATTGTCAC",272
"187","UTI89","MatS",1519857,13,"-","GTGACATTGTCAC",272
"188","UTI89","MatS",1573379,13,"+","GTGACAATGTCAC",256
"189","UTI89","MatS",1573379,13,"-","GTGACATTGTCAC",272
"190","UTI89","MatS",1577038,13,"+","GTGACAATGTCAC",256
"191","UTI89","MatS",1586032,13,"+","GTGACAATGTCAC",256
"192","UTI89","MatS",1586032,13,"-","GTGACATTGTCAC",272
"193","UTI89","MatS",1624105,13,"+","GTGACAATGTCAC",256
"194","UTI89","MatS",1624105,13,"-","GTGACATTGTCAC",272
"195","UTI89","MatS",1676681,13,"+","GTGACAATGTCAC",256
"196","UTI89","MatS",1692309,13,"+","GTGACAATGTCAC",256
"197","UTI89","MatS",1744260,13,"+","GTGACAATGTCAC",256
"198","UTI89","MatS",1744260,13,"-","GTGACATTGTCAC",272
"199","UTI89","MatS",1800973,13,"+","GTGACAATGTCAC",256
"200","UTI89","MatS",1872287,13,"+","GTGACAATGTCAC",256
"201","UTI89","MatS",1872287,13,"-","GTGACATTGTCAC",272
"202","UTI89","MatS",1943554,13,"-","GTGACATTGTCAC",272
"203","UTI89","MatS",2490307,13,"-","GTGACATTGTCAC",272
"204","UTI89","MatS",2840014,13,"-","GTGACATTGTCAC",272
"205","E2348/69","MatS",1240628,13,"+","GTGACAATGTCAC",256
"206","E2348/69","MatS",1240628,13,"-","GTGACATTGTCAC",272
"207","E2348/69","MatS",1371019,13,"-","GTGACATTGTCAC",272
"208","E2348/69","MatS",1400123,13,"-","GTGACATTGTCAC",272
"209","E2348/69","MatS",1489325,13,"+","GTGACAATGTCAC",256
"210","E2348/69","MatS",1489325,13,"-","GTGACATTGTCAC",272
"211","E2348/69","MatS",1499195,13,"-","GTGACATTGTCAC",272
"212","E2348/69","MatS",1501917,13,"+","GTGACAATGTCAC",256
"213","E2348/69","MatS",1508924,13,"+","GTGACAATGTCAC",256
"214","E2348/69","MatS",1508924,13,"-","GTGACATTGTCAC",272
"215","E2348/69","MatS",1569336,13,"-","GTGACATTGTCAC",272
"216","E2348/69","MatS",1621436,13,"+","GTGACAATGTCAC",256
"217","E2348/69","MatS",1630286,13,"+","GTGACAATGTCAC",256
"218","E2348/69","MatS",1630286,13,"-","GTGACATTGTCAC",272
"219","E2348/69","MatS",1648721,13,"+","GTGACAATGTCAC",256
"220","E2348/69","MatS",1648721,13,"-","GTGACATTGTCAC",272
"221","E2348/69","MatS",1667132,13,"+","GTGACAATGTCAC",256
"222","E2348/69","MatS",1667132,13,"-","GTGACATTGTCAC",272
"223","E2348/69","MatS",1716682,13,"+","GTGACAATGTCAC",256
"224","E2348/69","MatS",1726063,13,"+","GTGACAATGTCAC",256
"225","E2348/69","MatS",1779816,13,"+","GTGACAATGTCAC",256
"226","E2348/69","MatS",1779816,13,"-","GTGACATTGTCAC",272
"227","E2348/69","MatS",1944573,13,"+","GTGACAATGTCAC",256
"228","E2348/69","MatS",1944573,13,"-","GTGACATTGTCAC",272
"229","E2348/69","MatS",2015838,13,"-","GTGACATTGTCAC",272
"230","E2348/69","MatS",2481268,13,"-","GTGACATTGTCAC",272
"231","E2348/69","MatS",2927931,13,"-","GTGACATTGTCAC",272
"232","IAI39","MatS",738177,13,"+","GTGACAATGTCAC",256
"233","IAI39","MatS",1286865,13,"+","GTGACAATGTCAC",256
"234","IAI39","MatS",1364685,13,"+","GTGACAATGTCAC",256
"235","IAI39","MatS",1364685,13,"-","GTGACATTGTCAC",272
"236","IAI39","MatS",1442020,13,"-","GTGACATTGTCAC",272
"237","IAI39","MatS",1462085,13,"+","GTGACAATGTCAC",256
"238","IAI39","MatS",1462085,13,"-","GTGACATTGTCAC",272
"239","IAI39","MatS",1503230,13,"+","GTGACAATGTCAC",256
"240","IAI39","MatS",1503230,13,"-","GTGACATTGTCAC",272
"241","IAI39","MatS",1613548,13,"-","GTGACATTGTCAC",272
"242","IAI39","MatS",1672164,13,"+","GTGACAATGTCAC",256
"243","IAI39","MatS",1672164,13,"-","GTGACATTGTCAC",272
"244","IAI39","MatS",1693265,13,"+","GTGACAATGTCAC",256
"245","IAI39","MatS",1693265,13,"-","GTGACATTGTCAC",272
"246","IAI39","MatS",1840424,13,"+","GTGACAATGTCAC",256
"247","IAI39","MatS",1840424,13,"-","GTGACATTGTCAC",272
"248","IAI39","MatS",1910072,13,"+","GTGACAATGTCAC",256
"249","IAI39","MatS",1927684,13,"+","GTGACAATGTCAC",256
"250","IAI39","MatS",2110385,13,"+","GTGACAATGTCAC",256
"251","IAI39","MatS",2110385,13,"-","GTGACATTGTCAC",272
"252","IAI39","MatS",2472013,13,"-","GTGACATTGTCAC",272
"253","IAI39","MatS",2872786,13,"-","GTGACATTGTCAC",272
"254","SMS-3-5","MatS",163068,13,"-","GTGACATTGTCAC",272
"255","SMS-3-5","MatS",264357,13,"+","GTGACAATGTCAC",256
"256","SMS-3-5","MatS",751313,13,"+","GTGACAATGTCAC",256
"257","SMS-3-5","MatS",1343217,13,"+","GTGACAATGTCAC",256
"258","SMS-3-5","MatS",1420261,13,"+","GTGACAATGTCAC",256
"259","SMS-3-5","MatS",1420261,13,"-","GTGACATTGTCAC",272
"260","SMS-3-5","MatS",1497638,13,"-","GTGACATTGTCAC",272
"261","SMS-3-5","MatS",1517696,13,"+","GTGACAATGTCAC",256
"262","SMS-3-5","MatS",1517696,13,"-","GTGACATTGTCAC",272
"263","SMS-3-5","MatS",1558648,13,"+","GTGACAATGTCAC",256
"264","SMS-3-5","MatS",1558648,13,"-","GTGACATTGTCAC",272
"265","SMS-3-5","MatS",1613023,13,"-","GTGACATTGTCAC",272
"266","SMS-3-5","MatS",1629154,13,"-","GTGACATTGTCAC",272
"267","SMS-3-5","MatS",1649138,13,"-","GTGACATTGTCAC",272
"268","SMS-3-5","MatS",1688855,13,"+","GTGACAATGTCAC",256
"269","SMS-3-5","MatS",1688855,13,"-","GTGACATTGTCAC",272
"270","SMS-3-5","MatS",1717174,13,"+","GTGACAATGTCAC",256
"271","SMS-3-5","MatS",1717174,13,"-","GTGACATTGTCAC",272
"272","SMS-3-5","MatS",1736270,13,"+","GTGACAATGTCAC",256
"273","SMS-3-5","MatS",1736270,13,"-","GTGACATTGTCAC",272
"274","SMS-3-5","MatS",1745709,13,"+","GTGACAATGTCAC",256
"275","SMS-3-5","MatS",1745709,13,"-","GTGACATTGTCAC",272
"276","SMS-3-5","MatS",1750805,13,"+","GTGACAATGTCAC",256
"277","SMS-3-5","MatS",1750805,13,"-","GTGACATTGTCAC",272
"278","SMS-3-5","MatS",1852845,13,"+","GTGACAATGTCAC",256
"279","SMS-3-5","MatS",1870606,13,"+","GTGACAATGTCAC",256
"280","SMS-3-5","MatS",1870606,13,"-","GTGACATTGTCAC",272
"281","SMS-3-5","MatS",1891659,13,"+","GTGACAATGTCAC",256
"282","SMS-3-5","MatS",1891659,13,"-","GTGACATTGTCAC",272
"283","SMS-3-5","MatS",1955090,13,"+","GTGACAATGTCAC",256
"284","SMS-3-5","MatS",2050216,13,"+","GTGACAATGTCAC",256
"285","SMS-3-5","MatS",2050216,13,"-","GTGACATTGTCAC",272
"286","SMS-3-5","MatS",2443667,13,"-","GTGACATTGTCAC",272
"287","SMS-3-5","MatS",2793488,13,"-","GTGACATTGTCAC",272
"288","SMS-3-5","MatS",4086457,13,"-","GTGACATTGTCAC",272
"289","UMN026","MatS",293124,13,"+","GTGACAATGTCAC",256
"290","UMN026","MatS",866370,13,"+","GTGACAATGTCAC",256
"291","UMN026","MatS",1322692,13,"+","GTGACAATGTCAC",256
"292","UMN026","MatS",1322692,13,"-","GTGACATTGTCAC",272
"293","UMN026","MatS",1516318,13,"-","GTGACATTGTCAC",272
"294","UMN026","MatS",1574574,13,"+","GTGACAATGTCAC",256
"295","UMN026","MatS",1574574,13,"-","GTGACATTGTCAC",272
"296","UMN026","MatS",1594178,13,"+","GTGACAATGTCAC",256
"297","UMN026","MatS",1594178,13,"-","GTGACATTGTCAC",272
"298","UMN026","MatS",1693688,13,"+","GTGACAATGTCAC",256
"299","UMN026","MatS",1693688,13,"-","GTGACATTGTCAC",272
"300","UMN026","MatS",1697346,13,"+","GTGACAATGTCAC",256
"301","UMN026","MatS",1706785,13,"+","GTGACAATGTCAC",256
"302","UMN026","MatS",1706785,13,"-","GTGACATTGTCAC",272
"303","UMN026","MatS",1732421,13,"+","GTGACAATGTCAC",256
"304","UMN026","MatS",1732421,13,"-","GTGACATTGTCAC",272
"305","UMN026","MatS",1761238,13,"+","GTGACAATGTCAC",256
"306","UMN026","MatS",1761238,13,"-","GTGACATTGTCAC",272
"307","UMN026","MatS",1809498,13,"+","GTGACAATGTCAC",256
"308","UMN026","MatS",1829480,13,"+","GTGACAATGTCAC",256
"309","UMN026","MatS",1839366,13,"+","GTGACAATGTCAC",256
"310","UMN026","MatS",1938781,13,"+","GTGACAATGTCAC",256
"311","UMN026","MatS",1938781,13,"-","GTGACATTGTCAC",272
"312","UMN026","MatS",1979928,13,"+","GTGACAATGTCAC",256
"313","UMN026","MatS",1979928,13,"-","GTGACATTGTCAC",272
"314","UMN026","MatS",1999993,13,"+","GTGACAATGTCAC",256
"315","UMN026","MatS",2073244,13,"+","GTGACAATGTCAC",256
"316","UMN026","MatS",2073244,13,"-","GTGACATTGTCAC",272
"317","UMN026","MatS",2150294,13,"-","GTGACATTGTCAC",272
"318","UMN026","MatS",2989787,13,"-","GTGACATTGTCAC",272
"319","CE10","MatS",778942,13,"+","GTGACAATGTCAC",256
"320","CE10","MatS",1228153,13,"+","GTGACAATGTCAC",256
"321","CE10","MatS",1228153,13,"-","GTGACATTGTCAC",272
"322","CE10","MatS",1402608,13,"-","GTGACATTGTCAC",272
"323","CE10","MatS",1509541,13,"+","GTGACAATGTCAC",256
"324","CE10","MatS",1509541,13,"-","GTGACATTGTCAC",272
"325","CE10","MatS",1530642,13,"+","GTGACAATGTCAC",256
"326","CE10","MatS",1530642,13,"-","GTGACATTGTCAC",272
"327","CE10","MatS",1649742,13,"+","GTGACAATGTCAC",256
"328","CE10","MatS",1649742,13,"-","GTGACATTGTCAC",272
"329","CE10","MatS",1653401,13,"+","GTGACAATGTCAC",256
"330","CE10","MatS",1662222,13,"+","GTGACAATGTCAC",256
"331","CE10","MatS",1662222,13,"-","GTGACATTGTCAC",272
"332","CE10","MatS",1709957,13,"+","GTGACAATGTCAC",256
"333","CE10","MatS",1709957,13,"-","GTGACATTGTCAC",272
"334","CE10","MatS",1745422,13,"+","GTGACAATGTCAC",256
"335","CE10","MatS",1793594,13,"+","GTGACAATGTCAC",256
"336","CE10","MatS",1811206,13,"+","GTGACAATGTCAC",256
"337","CE10","MatS",1920447,13,"+","GTGACAATGTCAC",256
"338","CE10","MatS",1920447,13,"-","GTGACATTGTCAC",272
"339","CE10","MatS",1961590,13,"+","GTGACAATGTCAC",256
"340","CE10","MatS",1961590,13,"-","GTGACATTGTCAC",272
"341","CE10","MatS",1981655,13,"+","GTGACAATGTCAC",256
"342","CE10","MatS",2058748,13,"+","GTGACAATGTCAC",256
"343","CE10","MatS",2058748,13,"-","GTGACATTGTCAC",272
"344","CE10","MatS",2135794,13,"-","GTGACATTGTCAC",272
"345","CE10","MatS",2663238,13,"-","GTGACATTGTCAC",272
"346","CE10","MatS",3058604,13,"-","GTGACATTGTCAC",272
"347","042","MatS",1183065,13,"+","GTGACAATGTCAC",256
"348","042","MatS",1183065,13,"-","GTGACATTGTCAC",272
"349","042","MatS",1285182,13,"-","GTGACATTGTCAC",272
"350","042","MatS",1342898,13,"+","GTGACAATGTCAC",256
"351","042","MatS",1342898,13,"-","GTGACATTGTCAC",272
"352","042","MatS",1445277,13,"+","GTGACAATGTCAC",256
"353","042","MatS",1485702,13,"+","GTGACAATGTCAC",256
"354","042","MatS",1485702,13,"-","GTGACATTGTCAC",272
"355","042","MatS",1491109,13,"+","GTGACAATGTCAC",256
"356","042","MatS",1500526,13,"+","GTGACAATGTCAC",256
"357","042","MatS",1500526,13,"-","GTGACATTGTCAC",272
"358","042","MatS",1526314,13,"+","GTGACAATGTCAC",256
"359","042","MatS",1526314,13,"-","GTGACATTGTCAC",272
"360","042","MatS",1552788,13,"+","GTGACAATGTCAC",256
"361","042","MatS",1552788,13,"-","GTGACATTGTCAC",272
"362","042","MatS",1592766,13,"+","GTGACAATGTCAC",256
"363","042","MatS",1612755,13,"+","GTGACAATGTCAC",256
"364","042","MatS",1629364,13,"+","GTGACAATGTCAC",256
"365","042","MatS",1704994,13,"+","GTGACAATGTCAC",256
"366","042","MatS",1704994,13,"-","GTGACATTGTCAC",272
"367","042","MatS",1766966,13,"+","GTGACAATGTCAC",256
"368","042","MatS",1840352,13,"+","GTGACAATGTCAC",256
"369","042","MatS",1840352,13,"-","GTGACATTGTCAC",272
"370","042","MatS",1909604,13,"-","GTGACATTGTCAC",272
"371","042","MatS",2347721,13,"-","GTGACATTGTCAC",272
"372","042","MatS",2506561,13,"+","GTGACAATGTCAC",256
"373","TW14359","MatS",848098,13,"+","GTGACAATGTCAC",256
"374","TW14359","MatS",1459267,13,"+","GTGACAATGTCAC",256
"375","TW14359","MatS",1459267,13,"-","GTGACATTGTCAC",272
"376","TW14359","MatS",1628345,13,"-","GTGACATTGTCAC",272
"377","TW14359","MatS",1789751,13,"+","GTGACAATGTCAC",256
"378","TW14359","MatS",1789751,13,"-","GTGACATTGTCAC",272
"379","TW14359","MatS",1809043,13,"+","GTGACAATGTCAC",256
"380","TW14359","MatS",1809043,13,"-","GTGACATTGTCAC",272
"381","TW14359","MatS",1931184,13,"+","GTGACAATGTCAC",256
"382","TW14359","MatS",1931184,13,"-","GTGACATTGTCAC",272
"383","TW14359","MatS",1934845,13,"+","GTGACAATGTCAC",256
"384","TW14359","MatS",1944284,13,"+","GTGACAATGTCAC",256
"385","TW14359","MatS",1944284,13,"-","GTGACATTGTCAC",272
"386","TW14359","MatS",1969619,13,"+","GTGACAATGTCAC",256
"387","TW14359","MatS",1969619,13,"-","GTGACATTGTCAC",272
"388","TW14359","MatS",1998101,13,"+","GTGACAATGTCAC",256
"389","TW14359","MatS",1998101,13,"-","GTGACATTGTCAC",272
"390","TW14359","MatS",2037971,13,"+","GTGACAATGTCAC",256
"391","TW14359","MatS",2057954,13,"+","GTGACAATGTCAC",256
"392","TW14359","MatS",2069797,13,"+","GTGACAATGTCAC",256
"393","TW14359","MatS",2208909,13,"+","GTGACAATGTCAC",256
"394","TW14359","MatS",2208909,13,"-","GTGACATTGTCAC",272
"395","TW14359","MatS",2250138,13,"+","GTGACAATGTCAC",256
"396","TW14359","MatS",2250138,13,"-","GTGACATTGTCAC",272
"397","TW14359","MatS",2270201,13,"+","GTGACAATGTCAC",256
"398","TW14359","MatS",2343613,13,"+","GTGACAATGTCAC",256
"399","TW14359","MatS",2343613,13,"-","GTGACATTGTCAC",272
"400","TW14359","MatS",2423969,13,"-","GTGACATTGTCAC",272
"401","TW14359","MatS",3079952,13,"-","GTGACATTGTCAC",272
"402","TW14359","MatS",3477638,13,"-","GTGACATTGTCAC",272
"403","Sakai","MatS",843235,13,"+","GTGACAATGTCAC",256
"404","Sakai","MatS",1515535,13,"+","GTGACAATGTCAC",256
"405","Sakai","MatS",1515535,13,"-","GTGACATTGTCAC",272
"406","Sakai","MatS",1708012,13,"-","GTGACATTGTCAC",272
"407","Sakai","MatS",1823898,13,"+","GTGACAATGTCAC",256
"408","Sakai","MatS",1823898,13,"-","GTGACATTGTCAC",272
"409","Sakai","MatS",1843190,13,"+","GTGACAATGTCAC",256
"410","Sakai","MatS",1843190,13,"-","GTGACATTGTCAC",272
"411","Sakai","MatS",2017755,13,"+","GTGACAATGTCAC",256
"412","Sakai","MatS",2017755,13,"-","GTGACATTGTCAC",272
"413","Sakai","MatS",2021415,13,"+","GTGACAATGTCAC",256
"414","Sakai","MatS",2030854,13,"+","GTGACAATGTCAC",256
"415","Sakai","MatS",2030854,13,"-","GTGACATTGTCAC",272
"416","Sakai","MatS",2056180,13,"+","GTGACAATGTCAC",256
"417","Sakai","MatS",2056180,13,"-","GTGACATTGTCAC",272
"418","Sakai","MatS",2084661,13,"+","GTGACAATGTCAC",256
"419","Sakai","MatS",2084661,13,"-","GTGACATTGTCAC",272
"420","Sakai","MatS",2124531,13,"+","GTGACAATGTCAC",256
"421","Sakai","MatS",2144514,13,"+","GTGACAATGTCAC",256
"422","Sakai","MatS",2156357,13,"+","GTGACAATGTCAC",256
"423","Sakai","MatS",2303770,13,"+","GTGACAATGTCAC",256
"424","Sakai","MatS",2303770,13,"-","GTGACATTGTCAC",272
"425","Sakai","MatS",2344999,13,"+","GTGACAATGTCAC",256
"426","Sakai","MatS",2344999,13,"-","GTGACATTGTCAC",272
"427","Sakai","MatS",2365062,13,"+","GTGACAATGTCAC",256
"428","Sakai","MatS",2438475,13,"+","GTGACAATGTCAC",256
"429","Sakai","MatS",2438475,13,"-","GTGACATTGTCAC",272
"430","Sakai","MatS",2518831,13,"-","GTGACATTGTCAC",272
"431","Sakai","MatS",3083854,13,"-","GTGACATTGTCAC",272
"432","Sakai","MatS",3418785,13,"-","GTGACATTGTCAC",272
"433","EDL933","MatS",844888,13,"+","GTGACAATGTCAC",256
"434","EDL933","MatS",1600480,13,"+","GTGACAATGTCAC",256
"435","EDL933","MatS",1600480,13,"-","GTGACATTGTCAC",272
"436","EDL933","MatS",1799281,13,"-","GTGACATTGTCAC",272
"437","EDL933","MatS",1932238,13,"-","GTGACATTGTCAC",272
"438","EDL933","MatS",1944081,13,"-","GTGACATTGTCAC",272
"439","EDL933","MatS",1964066,13,"-","GTGACATTGTCAC",272
"440","EDL933","MatS",2003936,13,"+","GTGACAATGTCAC",256
"441","EDL933","MatS",2003936,13,"-","GTGACATTGTCAC",272
"442","EDL933","MatS",2032418,13,"+","GTGACAATGTCAC",256
"443","EDL933","MatS",2032418,13,"-","GTGACATTGTCAC",272
"444","EDL933","MatS",2057744,13,"+","GTGACAATGTCAC",256
"445","EDL933","MatS",2057744,13,"-","GTGACATTGTCAC",272
"446","EDL933","MatS",2067183,13,"-","GTGACATTGTCAC",272
"447","EDL933","MatS",2070845,13,"+","GTGACAATGTCAC",256
"448","EDL933","MatS",2070845,13,"-","GTGACATTGTCAC",272
"449","EDL933","MatS",2244110,13,"+","GTGACAATGTCAC",256
"450","EDL933","MatS",2244110,13,"-","GTGACATTGTCAC",272
"451","EDL933","MatS",2263403,13,"+","GTGACAATGTCAC",256
"452","EDL933","MatS",2263403,13,"-","GTGACATTGTCAC",272
"453","EDL933","MatS",2378920,13,"+","GTGACAATGTCAC",256
"454","EDL933","MatS",2378920,13,"-","GTGACATTGTCAC",272
"455","EDL933","MatS",2420058,13,"+","GTGACAATGTCAC",256
"456","EDL933","MatS",2420058,13,"-","GTGACATTGTCAC",272
"457","EDL933","MatS",2440121,13,"+","GTGACAATGTCAC",256
"458","EDL933","MatS",2513541,13,"+","GTGACAATGTCAC",256
"459","EDL933","MatS",2513541,13,"-","GTGACATTGTCAC",16
"460","EDL933","MatS",2593901,13,"-","GTGACATTGTCAC",272
"461","EDL933","MatS",3154988,13,"-","GTGACATTGTCAC",272
"462","EDL933","MatS",3488488,13,"-","GTGACATTGTCAC",272
