EDL933,1973155,1973182,2.00E-08,plus,GGTGCGCATAATGTATATTATGTTAAAT,28
Sakai,2115454,2115427,2.00E-08,minus,GGTGCGCATAATGTATATTATGTTAAAT,28
TW14359,2028894,2028867,2.00E-08,minus,GGTGCGCATAATGTATATTATGTTAAAT,28
42,1583086,1583059,2.00E-08,minus,GGTGCGCATAATGTATATTATGTTAAAT,28
CE10,1737366,1737339,2.00E-08,minus,GGTGCGCATAATGTATATTATGTTAAAT,28
UMN026,1799825,1799798,2.00E-08,minus,GGTGCGCATAATGTATATTATGTTAAAT,28
SMS-3-5,1656736,1656763,2.00E-08,plus,GGTGCGCATAATGTATATTATGTTAAAT,28
IAI39,1869358,1869331,2.00E-08,minus,GGTGCGCATAATGTATATTATGTTAAAT,28
UTI89,1653014,1652987,2.00E-08,minus,GGTGCGCATAATGTATATTATGTTAAAT,28
S88,1591033,1591006,2.00E-08,minus,GGTGCGCATAATGTATATTATGTTAAAT,28
11368,2072267,2072240,2.00E-08,minus,GGTGCGCATAATGTATATTATGTTAAAT,28
APECO78,2332911,2332884,2.00E-08,minus,GGTGCGCATAATGTATATTATGTTAAAT,28
BW2952,1480860,1480833,2.00E-08,minus,GGTGCGCATAATGTATATTATGTTAAAT,28
MG1655,1590777,1590750,2.00E-08,minus,GGTGCGCATAATGTATATTATGTTAAAT,28
E2348/69,1702602,1702576,6.00E-08,minus,GGTGCGCATAATGTATATTATGTTAAA,27
REL606,1567343,1567317,6.00E-08,minus,GTGCGCATAATGTATATTATGTTAAAT,27
IAI1,1601024,1600999,2.00E-07,minus,TGCGCATAATGTATATTATGTTAAAT,26
,,,,,,
,,,,,,
,1.59075,,,,,
